<?xml version="1.0" encoding="utf-8"?>

<!-- BSD-3 Clause License

Copyright 2019 Vodafone Group. 

Redistribution and use in source and binary forms, with or without
modification, are permitted provided that the following conditions
are met:

1. Redistributions of source code must retain the above copyright
notice, this list of conditions and the following disclaimer.
2. Redistributions in binary form must reproduce the above copyright
notice, this list of conditions and the following disclaimer in the
documentation and/or other materials provided with the distribution.
3. Neither the name of the copyright holder nor the names of its
contributors may be used to endorse or promote products derived
from this software without specific prior written permission.

THIS SOFTWARE IS PROVIDED BY THE COPYRIGHT HOLDERS AND CONTRIBUTORS
"AS IS" AND ANY EXPRESS OR IMPLIED WARRANTIES, INCLUDING, BUT NOT
LIMITED TO, THE IMPLIED WARRANTIES OF MERCHANTABILITY AND FITNESS
FOR A PARTICULAR PURPOSE ARE DISCLAIMED. IN NO EVENT SHALL THE
COPYRIGHT HOLDER OR CONTRIBUTORS BE LIABLE FOR ANY DIRECT, INDIRECT,
INCIDENTAL, SPECIAL, EXEMPLARY, OR CONSEQUENTIAL DAMAGES (INCLUDING,
BUT NOT LIMITED TO, PROCUREMENT OF SUBSTITUTE GOODS OR SERVICES;
LOSS OF USE, DATA, OR PROFITS; OR BUSINESS INTERRUPTION) HOWEVER
CAUSED AND ON ANY THEORY OF LIABILITY, WHETHER IN CONTRACT, STRICT
LIABILITY, OR TORT (INCLUDING NEGLIGENCE OR OTHERWISE) ARISING IN
ANY WAY OUT OF THE USE OF THIS SOFTWARE, EVEN IF ADVISED OF THE
POSSIBILITY OF SUCH DAMAGE.
-->

<LWM2M xmlns:xsi="http://www.w3.org/2001/XMLSchema-instance" xsi:noNamespaceSchemaLocation="http://openmobilealliance.org/tech/profiles/LWM2M.xsd">
        <Object ObjectType="MODefinition">     
		<Name>Connected UE Report</Name>		
		<Description1>This LWM2M Object provides a range of information related to the connected UEs.</Description1>		
        <ObjectID>10249</ObjectID>    
        <ObjectURN>urn:oma:lwm2m:x:10249</ObjectURN>
        <LWM2MVersion/>
        <ObjectVersion/>     
		<MultipleInstances>Multiple</MultipleInstances>
		<Mandatory>Optional</Mandatory>
        <Resources>
            <Item ID="0">
                <Name>Connected User MMEC</Name>
                <Operations>R</Operations>
                <MultipleInstances>Single</MultipleInstances>
                <Mandatory>Mandatory</Mandatory>
                <Type>Integer</Type>
                <RangeEnumeration>0..255</RangeEnumeration>
                <Units></Units>
                <Description>MMEC signalled by the UE to the eNB in the RRCConnectionRequest message (see TS 36.331).</Description>
            </Item>
            <Item ID="1">
                <Name>Connected User M-TMSI</Name>
                <Operations>R</Operations>
                <MultipleInstances>Single</MultipleInstances>
                <Mandatory>Mandatory</Mandatory>
                <Type>Integer</Type>
                <RangeEnumeration>0..2^32-1</RangeEnumeration>
                <Units></Units>
                <Description>M-TMSI signalled by the UE to the eNB in the RRCConnectionRequest message (see TS 36.331).</Description>
            </Item>
            <Item ID="2">
                <Name>Serving Cell (CrowdBox) eNB RSRP</Name>
                <Operations>R</Operations>
                <MultipleInstances>Single</MultipleInstances>
                <Mandatory>Mandatory</Mandatory>
                <Type>Integer</Type>
                <RangeEnumeration>0..97</RangeEnumeration>
                <Units></Units>
                <Description>The RSRP of the CrowdBox eNB, as defined in TS 36.133, Section 9.1.4. Range: RSRP_00; RSRP_01 .. RSRP_97</Description>
            </Item>
            <Item ID="3">
                <Name>Serving Cell (CrowdBox) eNB RSRQ</Name>
                <Operations>R</Operations>
                <MultipleInstances>Single</MultipleInstances>
                <Mandatory>Mandatory</Mandatory>
                <Type>Integer</Type>
                <RangeEnumeration>-30..46</RangeEnumeration>
                <Units></Units>
                <Description>The RSRQ of the CrowdBox eNB, as defined in TS 36.133, Section 9.1.7. Range: RSRQ_-30; RSRQ_-29 .. RSRQ_46</Description>
            </Item>
            <Item ID="4">
                <Name>Cumulative Timing Advance per Connected User</Name>
                <Operations>R</Operations>
                <MultipleInstances>Single</MultipleInstances>
                <Mandatory>Optional</Mandatory>
                <Type>Integer</Type>
                <RangeEnumeration>0..65535</RangeEnumeration>
                <Units></Units>
                <Description>The cumulative timing advance signalled by the eNB to each currently connected UE. This is the sum of the initial timing advance signalled in the MAC payload of the Random Access Response (11 bits, 0 .. 1282) and subsequent adjustments signalled in the MAC PDU of DL-SCH transmissions (6 bits, -31 .. 32). See TS 36.321 for details.</Description>
            </Item>
            <Item ID="5">
                <Name>Last downlink CQI report per Connected User</Name>
                <Operations>R</Operations>
                <MultipleInstances>Single</MultipleInstances>
                <Mandatory>Mandatory</Mandatory>
                <Type>Integer</Type>
                <RangeEnumeration>0..255</RangeEnumeration>
                <Units></Units>
                <Description>The last downlink wideband CQI reported by a connected user the eNB. The CQI format is defined in Table 7.2.3-1 of TS 36.213.</Description>
            </Item>
            <Item ID="6">
                <Name>Cumulative Downlink Throughput per Connected User</Name>
                <Operations>R</Operations>
                <MultipleInstances>Single</MultipleInstances>
                <Mandatory>Mandatory</Mandatory>
                <Type>Integer</Type>
                <RangeEnumeration>0..2^32-1</RangeEnumeration>
                <Units>B</Units>
                <Description>The total number of MAC bytes sent to the connected user over the immediately preceding period specified by the "Cumulative Measurement Window" field.</Description>
            </Item>
            <Item ID="7">
                <Name>Cumulative Uplink Throughput per Connected User</Name>
                <Operations>R</Operations>
                <MultipleInstances>Single</MultipleInstances>
                <Mandatory>Mandatory</Mandatory>
                <Type>Integer</Type>
                <RangeEnumeration>0..2^32-1</RangeEnumeration>
                <Units>B</Units>
                <Description>The total number of MAC bytes received from the connected user over the immediately preceding period specified by the "Cumulative Measurement Window" field.</Description>
            </Item>
            <Item ID="8">
                <Name>Neighbour Cell Report</Name>
                <Operations>R</Operations>
                <MultipleInstances>Multiple</MultipleInstances>
                <Mandatory>Mandatory</Mandatory>
                <Type>Objlnk</Type>
                <RangeEnumeration></RangeEnumeration>
                <Units></Units>
                <Description>A link to the "Neighbour Cell Report" object for each neighbour cell reported to the CrowdBox by the connected UE</Description>
            </Item>
        </Resources>
       <Description2></Description2>
	</Object>
</LWM2M>
