<?xml version="1.0" encoding="UTF-8"?>

<!-- BSD-3 Clause License

Copyright 2019 Open Mobile Alliance. 

Redistribution and use in source and binary forms, with or without
modification, are permitted provided that the following conditions
are met:

1. Redistributions of source code must retain the above copyright
notice, this list of conditions and the following disclaimer.
2. Redistributions in binary form must reproduce the above copyright
notice, this list of conditions and the following disclaimer in the
documentation and/or other materials provided with the distribution.
3. Neither the name of the copyright holder nor the names of its
contributors may be used to endorse or promote products derived
from this software without specific prior written permission.

THIS SOFTWARE IS PROVIDED BY THE COPYRIGHT HOLDERS AND CONTRIBUTORS
"AS IS" AND ANY EXPRESS OR IMPLIED WARRANTIES, INCLUDING, BUT NOT
LIMITED TO, THE IMPLIED WARRANTIES OF MERCHANTABILITY AND FITNESS
FOR A PARTICULAR PURPOSE ARE DISCLAIMED. IN NO EVENT SHALL THE
COPYRIGHT HOLDER OR CONTRIBUTORS BE LIABLE FOR ANY DIRECT, INDIRECT,
INCIDENTAL, SPECIAL, EXEMPLARY, OR CONSEQUENTIAL DAMAGES (INCLUDING,
BUT NOT LIMITED TO, PROCUREMENT OF SUBSTITUTE GOODS OR SERVICES;
LOSS OF USE, DATA, OR PROFITS; OR BUSINESS INTERRUPTION) HOWEVER
CAUSED AND ON ANY THEORY OF LIABILITY, WHETHER IN CONTRACT, STRICT
LIABILITY, OR TORT (INCLUDING NEGLIGENCE OR OTHERWISE) ARISING IN
ANY WAY OUT OF THE USE OF THIS SOFTWARE, EVEN IF ADVISED OF THE
POSSIBILITY OF SUCH DAMAGE.
-->
<LWM2M  xmlns:xsi="http://www.w3.org/2001/XMLSchema-instance" xsi:noNamespaceSchemaLocation="http://openmobilealliance.org/tech/profiles/LWM2M.xsd">
    <Object ObjectType="MODefinition">
        <Name>Time</Name>
        <Description1>This IPSO object is used to report the current time in seconds since January 1, 1970 UTC. There is also a fractional time counter that has a range of less than one second.
        </Description1>
        <ObjectID>3333</ObjectID>
		<ObjectURN>urn:oma:lwm2m:ext:3333:1.1</ObjectURN>
        <LWM2MVersion>1.0</LWM2MVersion>
		<ObjectVersion>1.1</ObjectVersion>
        <MultipleInstances>Multiple</MultipleInstances>
        <Mandatory>Optional</Mandatory>
        <Resources>
            <Item ID="5506">
                <Name>Current Time</Name>
                <Operations>RW</Operations>
                <MultipleInstances>Single</MultipleInstances>
                <Mandatory>Mandatory</Mandatory>
                <Type>Time</Type>
                <RangeEnumeration></RangeEnumeration>
                <Units></Units>
                <Description>Unix Time. A signed integer representing the number of seconds since Jan 1st, 1970 in the UTC time zone.</Description>
            </Item>
            <Item ID="5507">
                <Name>Fractional Time</Name>
                <Operations>RW</Operations>
                <MultipleInstances>Single</MultipleInstances>
                <Mandatory>Optional</Mandatory>
                <Type>Float</Type>
                <RangeEnumeration>0..1</RangeEnumeration>
                <Units>s</Units>
                <Description>Fractional part of the time when sub-second precision is used (e.g., 0.23 for 230 ms).</Description>
            </Item>
            <Item ID="5750">
                <Name>Application Type</Name>
                <Operations>RW</Operations>
                <MultipleInstances>Single</MultipleInstances>
                <Mandatory>Optional</Mandatory>
                <Type>String</Type>
                <RangeEnumeration></RangeEnumeration>
                <Units></Units>
                <Description>The application type of the sensor or actuator as a string depending on the use case.</Description>
            </Item>
			<Item ID="6042">
				<Name>Measurement Quality Indicator</Name>
				<Operations>R</Operations>
				<MultipleInstances>Single</MultipleInstances>
				<Mandatory>Optional</Mandatory>
				<Type>Integer</Type>
				<RangeEnumeration>0..23</RangeEnumeration>
				<Units></Units>
				<Description>Measurement quality indicator reported by a smart sensor. 0: UNCHECKED No quality checks were done because they do not exist or can not be applied. 1: REJECTED WITH CERTAINTY The measured value is invalid. 2: REJECTED WITH PROBABILITY The measured value is likely invalid. 3: ACCEPTED BUT SUSPICIOUS The measured value is likely OK. 4: ACCEPTED The measured value is OK. 5-15: Reserved for future extensions. 16-23: Vendor specific measurement quality.</Description>
			</Item>
			<Item ID="6049">
				<Name>Measurement Quality Level</Name>
				<Operations>R</Operations>
				<MultipleInstances>Single</MultipleInstances>
				<Mandatory>Optional</Mandatory>
				<Type>Integer</Type>
				<RangeEnumeration>0..100</RangeEnumeration>
				<Units></Units>
				<Description>Measurement quality level reported by a smart sensor. Quality level 100 means that the measurement has fully passed quality check algorithms. Smaller quality levels mean that quality has decreased and the measurement has only partially passed quality check algorithms. The smaller the quality level, the more caution should be used by the application when using the measurement. When the quality level is 0 it means that the measurement should certainly be rejected.</Description>
			</Item>
        </Resources>
        <Description2></Description2>
    </Object>
</LWM2M>
