<?xml version="1.0" encoding="UTF-8"?>

<!-- BSD-3 Clause License

Copyright 2019 Zumtobel Group. 

Redistribution and use in source and binary forms, with or without
modification, are permitted provided that the following conditions
are met:

1. Redistributions of source code must retain the above copyright
notice, this list of conditions and the following disclaimer.
2. Redistributions in binary form must reproduce the above copyright
notice, this list of conditions and the following disclaimer in the
documentation and/or other materials provided with the distribution.
3. Neither the name of the copyright holder nor the names of its
contributors may be used to endorse or promote products derived
from this software without specific prior written permission.

THIS SOFTWARE IS PROVIDED BY THE COPYRIGHT HOLDERS AND CONTRIBUTORS
"AS IS" AND ANY EXPRESS OR IMPLIED WARRANTIES, INCLUDING, BUT NOT
LIMITED TO, THE IMPLIED WARRANTIES OF MERCHANTABILITY AND FITNESS
FOR A PARTICULAR PURPOSE ARE DISCLAIMED. IN NO EVENT SHALL THE
COPYRIGHT HOLDER OR CONTRIBUTORS BE LIABLE FOR ANY DIRECT, INDIRECT,
INCIDENTAL, SPECIAL, EXEMPLARY, OR CONSEQUENTIAL DAMAGES (INCLUDING,
BUT NOT LIMITED TO, PROCUREMENT OF SUBSTITUTE GOODS OR SERVICES;
LOSS OF USE, DATA, OR PROFITS; OR BUSINESS INTERRUPTION) HOWEVER
CAUSED AND ON ANY THEORY OF LIABILITY, WHETHER IN CONTRACT, STRICT
LIABILITY, OR TORT (INCLUDING NEGLIGENCE OR OTHERWISE) ARISING IN
ANY WAY OUT OF THE USE OF THIS SOFTWARE, EVEN IF ADVISED OF THE
POSSIBILITY OF SUCH DAMAGE.
-->

<LWM2M xmlns:xsi="http://www.w3.org/2001/XMLSchema-instance" xsi:noNamespaceSchemaLocation="http://openmobilealliance.org/tech/profiles/LWM2M-v1_1.xsd">
  <Object ObjectType="MODefinition">
		<Name>oA Logical Colour Light-Point Actuator</Name>
		<Description1><![CDATA[The 'oA Logical Colour Light Point Actuator' represents the logical part of an actuator model for a colour light point. The corresponding physical device is a light channel and associated gear (e.g. LED driver).\nThe Object (module) supports several interactions that include absolute and relative colour setting. Several device configuration parameters are mapped, which relate to behaviour or describe device limitations.]]></Description1>
		<ObjectID>3390</ObjectID>
		<ObjectURN>urn:oma:lwm2m:ext:3390</ObjectURN>
		<LWM2MVersion>1.1</LWM2MVersion>
		<ObjectVersion>1.0</ObjectVersion>
		<MultipleInstances>Multiple</MultipleInstances>
		<Mandatory>Optional</Mandatory>
		<Resources>
			<Item ID="4001">
				<Name>ObjectVersion</Name>
				<Operations>R</Operations>
				<MultipleInstances>Single</MultipleInstances>
				<Mandatory>Optional</Mandatory>
				<Type>String</Type>
				<RangeEnumeration></RangeEnumeration>
				<Units></Units>
				<Description><![CDATA[LWM2M Object versioning label.]]></Description>
			</Item>
			<Item ID="901">
				<Name>Documentary Description</Name>
				<Operations>RW</Operations>
				<MultipleInstances>Single</MultipleInstances>
				<Mandatory>Optional</Mandatory>
				<Type>String</Type>
				<RangeEnumeration>0..256 bytes</RangeEnumeration>
				<Units></Units>
				<Description><![CDATA[Resource to hold a documentary text description of the object.]]></Description>
			</Item>
			<Item ID="125">
				<Name>Target Colour X</Name>
				<Operations>R</Operations>
				<MultipleInstances>Single</MultipleInstances>
				<Mandatory>Mandatory</Mandatory>
				<Type>Unsigned Integer</Type>
				<RangeEnumeration>0..65535</RangeEnumeration>
				<Units></Units>
				<Description><![CDATA[This Resource represents the target colour X value requested to the Light Point. Scale is: 0.001]]></Description>
			</Item>
			<Item ID="126">
				<Name>Target Colour Y</Name>
				<Operations>R</Operations>
				<MultipleInstances>Single</MultipleInstances>
				<Mandatory>Mandatory</Mandatory>
				<Type>Unsigned Integer</Type>
				<RangeEnumeration>0..65535</RangeEnumeration>
				<Units></Units>
				<Description><![CDATA[This Resource represents the target colour Y value requested to the Light Point. Scaling is 0.001 per Unit, Value conforms to CIE color definition]]></Description>
			</Item>
			<Item ID="909">
				<Name>Executing Object</Name>
				<Operations>RW</Operations>
				<MultipleInstances>Single</MultipleInstances>
				<Mandatory>Mandatory</Mandatory>
				<Type>Corelnk</Type>
				<RangeEnumeration></RangeEnumeration>
				<Units></Units>
				<Description><![CDATA[Link to the Object Instance in CoRE Link Format [RFC6690](https://tools.ietf.org/html/rfc6690)]]></Description>
			</Item>
			<Item ID="921">
				<Name>Priority</Name>
				<Operations>RW</Operations>
				<MultipleInstances>Single</MultipleInstances>
				<Mandatory>Mandatory</Mandatory>
				<Type>Unsigned Integer</Type>
				<RangeEnumeration>0..5</RangeEnumeration>
				<Units></Units>
				<Description><![CDATA[The priority of this Logical Object. If a Logical Object with a higher priority controlles the same physical object, this instance will hold its settings until its priority is sufficient again. \nIf the priorities are the same the last one is served.]]></Description>
			</Item>
			<Item ID="127">
				<Name>Colour Changing Time</Name>
				<Operations>RW</Operations>
				<MultipleInstances>Single</MultipleInstances>
				<Mandatory>Mandatory</Mandatory>
				<Type>Unsigned Integer</Type>
				<RangeEnumeration>0..65535</RangeEnumeration>
				<Units>ms</Units>
				<Description><![CDATA[Defines the time needed to change the light point output from minimum hue/saturation to maximum hue/saturation. The resulting change rate is used for the relative changes of the colour request. Scaling is 100ms per Unit]]></Description>
			</Item>
			<Item ID="128">
				<Name>Colour Transition Time</Name>
				<Operations>RW</Operations>
				<MultipleInstances>Single</MultipleInstances>
				<Mandatory>Mandatory</Mandatory>
				<Type>Unsigned Integer</Type>
				<RangeEnumeration>0..65535</RangeEnumeration>
				<Units>ms</Units>
				<Description><![CDATA[Defines the default transition time to be used for 'Set_Colour' and 'Step' requests, if that request has no value specified. A value of 0 means the transaction is immediate. Scaling is 100ms per unit]]></Description>
			</Item>
			<Item ID="129">
				<Name>Hue Step Size</Name>
				<Operations>RW</Operations>
				<MultipleInstances>Single</MultipleInstances>
				<Mandatory>Mandatory</Mandatory>
				<Type>Unsigned Integer</Type>
				<RangeEnumeration>0..65535</RangeEnumeration>
				<Units></Units>
				<Description><![CDATA[Defines the default step size to be used for 'Hue Step' requests, if that request has no value specified. The Hue is in relative units (0..1), scaling is 0.001 per unit, so the integers given are at factor 1000.]]></Description>
			</Item>
			<Item ID="130">
				<Name>Saturation Step Size</Name>
				<Operations>RW</Operations>
				<MultipleInstances>Single</MultipleInstances>
				<Mandatory>Mandatory</Mandatory>
				<Type>Unsigned Integer</Type>
				<RangeEnumeration>0..65535</RangeEnumeration>
				<Units></Units>
				<Description><![CDATA[Defines the default step size to be used for 'Saturation Step' requests, if that request has no value specified. The Saturation is in relative units (0..1), scaling is 0.001 per unit, so the integers given are at factor 1000.]]></Description>
			</Item>
			<Item ID="903">
				<Name>Application Group ID</Name>
				<Operations>RW</Operations>
				<MultipleInstances>Single</MultipleInstances>
				<Mandatory>Mandatory</Mandatory>
				<Type>Unsigned Integer</Type>
				<RangeEnumeration>0..65535</RangeEnumeration>
				<Units></Units>
				<Description><![CDATA[The application group ID that the logical object is part of. This ID will define the application group the status reports are sent to. It is internally used as a pointer to the Group Object instance that hosts all the Group configurations.]]></Description>
			</Item>
			<Item ID="904">
				<Name>Status Resend Time</Name>
				<Operations>RW</Operations>
				<MultipleInstances>Single</MultipleInstances>
				<Mandatory>Mandatory</Mandatory>
				<Type>Unsigned Integer</Type>
				<RangeEnumeration>1..600</RangeEnumeration>
				<Units>s</Units>
				<Description><![CDATA[The time specified as status resend time is used to resend the actual status to the application group the object is a member of, even if nothing changed.\nThe status resend time is restarted after every event. The actual interval is a random time with the maximum duration given by this resource. Randomization helps to avoid massive ongoing message collisions after system power up.\nFor example: Status resend time is set to 10 seconds;\n* 00:00 status is sent\n* 00:05 status changes and is sent immediatly\n* 00:15 (or before, depending on the randomization) status is sent even though it did not change]]></Description>
			</Item>
			<Item ID="919">
				<Name>Status Report Structure ID</Name>
				<Operations>RW</Operations>
				<MultipleInstances>Single</MultipleInstances>
				<Mandatory>Mandatory</Mandatory>
				<Type>Unsigned Integer</Type>
				<RangeEnumeration>0..255</RangeEnumeration>
				<Units></Units>
				<Description><![CDATA[The ID of the status resource structure that is used to code the cyclic status report. See object 4012 'oA Status Report Structure' for more information]]></Description>
			</Item>
			<Item ID="922">
				<Name>Scene Cache</Name>
				<Operations>RW</Operations>
				<MultipleInstances>Multiple</MultipleInstances>
				<Mandatory>Optional</Mandatory>
				<Type>Opaque</Type>
				<RangeEnumeration></RangeEnumeration>
				<Units></Units>
				<Description><![CDATA[A cache for the scene values. These values should be called when a scene is recalled. It is buildt from a Scene_ID (UInt 16, a target resource (Corelnk) defineition, and a payload that operates on this resource), a transition time in ms (UInt16), and an action (Put/Post) defintion]]></Description>
			</Item>
			<Item ID="131">
				<Name>Set Colour</Name>
				<Operations>W</Operations>
				<MultipleInstances>Single</MultipleInstances>
				<Mandatory>Mandatory</Mandatory>
				<Type>Opaque</Type>
				<RangeEnumeration></RangeEnumeration>
				<Units></Units>
				<Description><![CDATA[This Resource allows to set the colour of a light point using the following arguments:\n- *arg0: Colour x* - final colour x value\n- *arg1: Colour y* - final colour y value\n- *arg2: Time* - transition time with 100ms resolution\n\t\t\t\n**Note:** When the optional argument time is not given, or if its value is empty the default configuration value is used.\nA request on this Resource will immediately update 'Remaining Transition Time' and 'Current Colour' until the Set Colour operation is cloncluded.]]></Description>
			</Item>
			<Item ID="134">
				<Name>Relative Change Saturation</Name>
				<Operations>W</Operations>
				<MultipleInstances>Single</MultipleInstances>
				<Mandatory>Mandatory</Mandatory>
				<Type>Boolean</Type>
				<RangeEnumeration></RangeEnumeration>
				<Units></Units>
				<Description><![CDATA[This Resource allows to change the saturation relatively:\n- *Direction* [mandatory] direction of change\n**Note:** During this process, the 'Current Colour' and 'Remaining Transition Time' are continuously updated.If this Resource is executed while another colour variation process is running, the ongoing process is stopped and the new process begins using the actual colour as starting point.\n\t\t\t\nSome examples:\n- `POST coap://<target_IP_address>/<dir>/<Obj_ID>/<obj_instance>/118 0`  \ndecreases saturation.\n- `POST coap://<target_IP_address>/<dir>/<Obj_ID>/<obj_instance>/118 1`  \nincreases saturation.]]></Description>
			</Item>
			<Item ID="132">
				<Name>Relative Change Hue</Name>
				<Operations>W</Operations>
				<MultipleInstances>Single</MultipleInstances>
				<Mandatory>Mandatory</Mandatory>
				<Type>Boolean</Type>
				<RangeEnumeration></RangeEnumeration>
				<Units></Units>
				<Description><![CDATA[This Resource allows to change the hue relatively:\n- *Direction* [mandatory] direction of change\n**Note:** During this process, the 'Current Colour' and 'Remaining Transition Time' are continuously updated. If this Resource is executed while another colour variation process is running, the ongoing process is stopped and the new process begins using the colour values at that specific moment as starting point.\n\t\t\t\nSome examples:\n- `POST coap://<target_IP_address>/<dir>/<Obj_ID>/<obj_instance>/118 0`  \nincreases hue.\n- `POST coap://<target_IP_address>/<dir>/<Obj_ID>/<obj_instance>/118 1`  \ndecreases hue.]]></Description>
			</Item>
			<Item ID="136">
				<Name>Stop Transition</Name>
				<Operations>E</Operations>
				<MultipleInstances>Single</MultipleInstances>
				<Mandatory>Mandatory</Mandatory>
				<Type></Type>
				<RangeEnumeration></RangeEnumeration>
				<Units></Units>
				<Description><![CDATA[When written, it immediately stops all ongoing transition processes (absolute or relative). 'Current Colour' maintains the value it has at that moment and 'Remaining Transition Time' is set to '0'. Payload is not required, however, a success/failure message is recommended.]]></Description>
			</Item>
			<Item ID="135">
				<Name>Step Saturation</Name>
				<Operations>W</Operations>
				<MultipleInstances>Single</MultipleInstances>
				<Mandatory>Mandatory</Mandatory>
				<Type>Opaque</Type>
				<RangeEnumeration></RangeEnumeration>
				<Units></Units>
				<Description><![CDATA[This resource allows to increase and decrease the saturation of the colour light point by a given step size. \nThe following paramters are used:\n- *arg0: Direction* - step direction (true=increase saturation, false=decrease saturation)\n- *arg1: Step Size* - the size of the step\n- *arg2: Transition Time* - transition time with 100ms resolution\n\t\t\t\t\n**Note:** During this process, the 'Remaining Transition Time' and 'Current Colour' are continuously updated.\nIf this Resource is executed while another colour variation process is running, the ongoing is stopped and this new process is started, using the current colour value as a starting point.]]></Description>
			</Item>
			<Item ID="133">
				<Name>Step Hue</Name>
				<Operations>W</Operations>
				<MultipleInstances>Single</MultipleInstances>
				<Mandatory>Mandatory</Mandatory>
				<Type>Opaque</Type>
				<RangeEnumeration></RangeEnumeration>
				<Units></Units>
				<Description><![CDATA[This resource allows to increase and decrease the hue of the colour light point by a given step size. \nThe following paramters are used:\n- *arg0: Direction* - step direction (true=increase hue, false=decrease hue)\n- *arg1: Step Size* - the size of the step\n- *arg2: Transition Time* - transition time with 100ms resolution\n\t\t\t\t\n**Note:** During this process, the 'Remaining Transition Time' and 'Current Colour' are continuously updated.\nIf this Resource is executed while another colour variation process is running, the ongoing is stopped and this new process is started, using the current colour value as a starting point.]]></Description>
			</Item>
			<Item ID="902">
				<Name>Recall Scene</Name>
				<Operations>RW</Operations>
				<MultipleInstances>Single</MultipleInstances>
				<Mandatory>Mandatory</Mandatory>
				<Type>Unsigned Integer</Type>
				<RangeEnumeration>0..65535</RangeEnumeration>
				<Units></Units>
				<Description><![CDATA[When written, the scene with the given ID is recalled immediately.]]></Description>
			</Item>
			<Item ID="905">
				<Name>Debug Mode Enabled</Name>
				<Operations>RW</Operations>
				<MultipleInstances>Single</MultipleInstances>
				<Mandatory>Optional</Mandatory>
				<Type>Boolean</Type>
				<RangeEnumeration></RangeEnumeration>
				<Units></Units>
				<Description><![CDATA[Enables the object test mode. The physical representation of the object will be disabled. Stimuli can be injected to test the object remotely using inject test event.]]></Description>
			</Item>
			<Item ID="906">
				<Name>Inject Test Event</Name>
				<Operations>RW</Operations>
				<MultipleInstances>Single</MultipleInstances>
				<Mandatory>Optional</Mandatory>
				<Type>Unsigned Integer</Type>
				<RangeEnumeration>0..65535</RangeEnumeration>
				<Units></Units>
				<Description><![CDATA[Defines a test event for injection into the system when debug mode is enabled. Event definition is vendor specific.]]></Description>
			</Item>
			<Item ID="934">
				<Name>Execute Inject</Name>
				<Operations>E</Operations>
				<MultipleInstances>Single</MultipleInstances>
				<Mandatory>Optional</Mandatory>
				<Type></Type>
				<RangeEnumeration></RangeEnumeration>
				<Units></Units>
				<Description><![CDATA[Executes the injection of a test event as specified in 906]]></Description>
			</Item>
			<Item ID="924">
				<Name>Object Enabled</Name>
				<Operations>RW</Operations>
				<MultipleInstances>Single</MultipleInstances>
				<Mandatory>Optional</Mandatory>
				<Type>Boolean</Type>
				<RangeEnumeration></RangeEnumeration>
				<Units></Units>
				<Description><![CDATA[This resource allows to disable an object instance. \nIf an object instance is disabled it does process incoming events but does not create outgoing events.]]></Description>
			</Item>
		</Resources>
		<Description2><![CDATA[]]></Description2>
	</Object>
</LWM2M>
