<?xml version="1.0" encoding="UTF-8"?>

<!-- BSD-3 Clause License

Copyright 2020 uCIFI Alliance

Redistribution and use in source and binary forms, with or without
modification, are permitted provided that the following conditions
are met:
1. Redistributions of source code must retain the above copyright
notice, this list of conditions and the following disclaimer.
2. Redistributions in binary form must reproduce the above copyright
notice, this list of conditions and the following disclaimer in the
documentation and/or other materials provided with the distribution.
3. Neither the name of the copyright holder nor the names of its
contributors may be used to endorse or promote products derived
from this software without specific prior written permission.
THIS SOFTWARE IS PROVIDED BY THE COPYRIGHT HOLDERS AND CONTRIBUTORS
"AS IS" AND ANY EXPRESS OR IMPLIED WARRANTIES, INCLUDING, BUT NOT
LIMITED TO, THE IMPLIED WARRANTIES OF MERCHANTABILITY AND FITNESS
FOR A PARTICULAR PURPOSE ARE DISCLAIMED. IN NO EVENT SHALL THE
COPYRIGHT HOLDER OR CONTRIBUTORS BE LIABLE FOR ANY DIRECT, INDIRECT,
INCIDENTAL, SPECIAL, EXEMPLARY, OR CONSEQUENTIAL DAMAGES (INCLUDING,
BUT NOT LIMITED TO, PROCUREMENT OF SUBSTITUTE GOODS OR SERVICES;
LOSS OF USE, DATA, OR PROFITS; OR BUSINESS INTERRUPTION) HOWEVER
CAUSED AND ON ANY THEORY OF LIABILITY, WHETHER IN CONTRACT, STRICT
LIABILITY, OR TORT (INCLUDING NEGLIGENCE OR OTHERWISE) ARISING IN
ANY WAY OUT OF THE USE OF THIS SOFTWARE, EVEN IF ADVISED OF THE
POSSIBILITY OF SUCH DAMAGE.

-->

<LWM2M xmlns:xsi="http://www.w3.org/2001/XMLSchema-instance"
	xsi:noNamespaceSchemaLocation="http://openmobilealliance.org/tech/profiles/LWM2M.xsd">
	<Object ObjectType="MODefinition">
		<Name>Water quality sensor</Name>
		<Description1>The uCIFI water quality sensor measures the quality of the water in the drinkable water distribution network, in water tanks or in lakes and rivers.</Description1>
		<ObjectID>3426</ObjectID>
		<ObjectURN>urn:oma:lwm2m:ext:3426</ObjectURN>
		<LWM2MVersion>1.0</LWM2MVersion>
		<ObjectVersion>1.0</ObjectVersion>
		<MultipleInstances>Multiple</MultipleInstances>
		<Mandatory>Optional</Mandatory>
		<Resources>
			<Item ID="1">
				<Name>pH</Name>
				<Operations>R</Operations>
				<MultipleInstances>Single</MultipleInstances>
				<Mandatory>Optional</Mandatory>
				<Type>Float</Type>
				<RangeEnumeration></RangeEnumeration>
				<Units></Units>
				<Description>Current or last value of the pH measured by the sensor.</Description>
			</Item>
			<Item ID="2">
				<Name>Chlorine</Name>
				<Operations>R</Operations>
				<MultipleInstances>Single</MultipleInstances>
				<Mandatory>Optional</Mandatory>
				<Type>Float</Type>
				<RangeEnumeration></RangeEnumeration>
				<Units>ppm</Units>
				<Description>Current or last value of the chlorine measured by the sensor.</Description>
			</Item>
			<Item ID="3">
				<Name>Redox or ORP</Name>
				<Operations>R</Operations>
				<MultipleInstances>Single</MultipleInstances>
				<Mandatory>Optional</Mandatory>
				<Type>Float</Type>
				<RangeEnumeration></RangeEnumeration>
				<Units>V</Units>
				<Description>Current or last value of the oxidation reduction potential measured by the sensor.</Description>
			</Item>
			<Item ID="4">
				<Name>Total dissolved gas or TDG</Name>
				<Operations>R</Operations>
				<MultipleInstances>Single</MultipleInstances>
				<Mandatory>Optional</Mandatory>
				<Type>Float</Type>
				<RangeEnumeration></RangeEnumeration>
				<Units>ppm</Units>
				<Description>Current or last value of the dissolved gas measured by the sensor.</Description>
			</Item>
			<Item ID="5">
				<Name>Dissolved oxygen</Name>
				<Operations>R</Operations>
				<MultipleInstances>Single</MultipleInstances>
				<Mandatory>Optional</Mandatory>
				<Type>Float</Type>
				<RangeEnumeration></RangeEnumeration>
				<Units>ppm</Units>
				<Description>Current or last value of the dissolved oxygen measured by the sensor.</Description>
			</Item>
			<Item ID="6">
				<Name>Turbidity</Name>
				<Operations>R</Operations>
				<MultipleInstances>Single</MultipleInstances>
				<Mandatory>Optional</Mandatory>
				<Type>Float</Type>
				<RangeEnumeration></RangeEnumeration>
				<Units>NTU</Units>
				<Description>Current or last value of the turbidity measured by the sensor using the Nephelometric Turbidity Unit (NTU).</Description>
			</Item>
			<Item ID="7">
				<Name>Conductivity</Name>
				<Operations>R</Operations>
				<MultipleInstances>Single</MultipleInstances>
				<Mandatory>Optional</Mandatory>
				<Type>Float</Type>
				<RangeEnumeration></RangeEnumeration>
				<Units>S/m</Units>
				<Description>Current or last value of the conductivity measured by the sensor.</Description>
			</Item>
			<Item ID="8">
				<Name>Conductance</Name>
				<Operations>R</Operations>
				<MultipleInstances>Single</MultipleInstances>
				<Mandatory>Optional</Mandatory>
				<Type>Float</Type>
				<RangeEnumeration></RangeEnumeration>
				<Units>S/m</Units>
				<Description>Current or last value of the conductance measured by the sensor.</Description>
			</Item>
			<Item ID="9">
				<Name>Total suspended solids</Name>
				<Operations>R</Operations>
				<MultipleInstances>Single</MultipleInstances>
				<Mandatory>Optional</Mandatory>
				<Type>Float</Type>
				<RangeEnumeration></RangeEnumeration>
				<Units>mg/l</Units>
				<Description>Current or last value of the TSS measured by the sensor.</Description>
			</Item>
			<Item ID="10">
				<Name>Total dissolved solids</Name>
				<Operations>R</Operations>
				<MultipleInstances>Single</MultipleInstances>
				<Mandatory>Optional</Mandatory>
				<Type>Float</Type>
				<RangeEnumeration></RangeEnumeration>
				<Units>mg/l</Units>
				<Description>Current or last value of the TDS measured by the sensor.</Description>
			</Item>
			<Item ID="11">
				<Name>Salinity</Name>
				<Operations>R</Operations>
				<MultipleInstances>Single</MultipleInstances>
				<Mandatory>Optional</Mandatory>
				<Type>Float</Type>
				<RangeEnumeration></RangeEnumeration>
				<Units>ppt</Units>
				<Description>Current or last value of the salinity measured by the sensor.</Description>
			</Item>
			<Item ID="12">
				<Name>NO3</Name>
				<Operations>R</Operations>
				<MultipleInstances>Single</MultipleInstances>
				<Mandatory>Optional</Mandatory>
				<Type>Float</Type>
				<RangeEnumeration></RangeEnumeration>
				<Units>mg/l</Units>
				<Description>Current or last value of NO3 measured by the sensor.</Description>
			</Item>
			<Item ID="13">
				<Name>NH3</Name>
				<Operations>R</Operations>
				<MultipleInstances>Single</MultipleInstances>
				<Mandatory>Optional</Mandatory>
				<Type>Float</Type>
				<RangeEnumeration></RangeEnumeration>
				<Units>mg/l</Units>
				<Description>Current or last value of NH3 measured by the sensor.</Description>
			</Item>
			<Item ID="14">
				<Name>NH4</Name>
				<Operations>R</Operations>
				<MultipleInstances>Single</MultipleInstances>
				<Mandatory>Optional</Mandatory>
				<Type>Float</Type>
				<RangeEnumeration></RangeEnumeration>
				<Units>mg/l</Units>
				<Description>Current or last value of NH4 measured by the sensor.</Description>
			</Item>
		</Resources>
		<Description2></Description2>
	</Object>
</LWM2M>
