<?xml version="1.0" encoding="UTF-8"?>

<!-- BSD-3 Clause License

Copyright 2020 uCIFI Alliance

Redistribution and use in source and binary forms, with or without
modification, are permitted provided that the following conditions
are met:
1. Redistributions of source code must retain the above copyright
notice, this list of conditions and the following disclaimer.
2. Redistributions in binary form must reproduce the above copyright
notice, this list of conditions and the following disclaimer in the
documentation and/or other materials provided with the distribution.
3. Neither the name of the copyright holder nor the names of its
contributors may be used to endorse or promote products derived
from this software without specific prior written permission.
THIS SOFTWARE IS PROVIDED BY THE COPYRIGHT HOLDERS AND CONTRIBUTORS
"AS IS" AND ANY EXPRESS OR IMPLIED WARRANTIES, INCLUDING, BUT NOT
LIMITED TO, THE IMPLIED WARRANTIES OF MERCHANTABILITY AND FITNESS
FOR A PARTICULAR PURPOSE ARE DISCLAIMED. IN NO EVENT SHALL THE
COPYRIGHT HOLDER OR CONTRIBUTORS BE LIABLE FOR ANY DIRECT, INDIRECT,
INCIDENTAL, SPECIAL, EXEMPLARY, OR CONSEQUENTIAL DAMAGES (INCLUDING,
BUT NOT LIMITED TO, PROCUREMENT OF SUBSTITUTE GOODS OR SERVICES;
LOSS OF USE, DATA, OR PROFITS; OR BUSINESS INTERRUPTION) HOWEVER
CAUSED AND ON ANY THEORY OF LIABILITY, WHETHER IN CONTRACT, STRICT
LIABILITY, OR TORT (INCLUDING NEGLIGENCE OR OTHERWISE) ARISING IN
ANY WAY OUT OF THE USE OF THIS SOFTWARE, EVEN IF ADVISED OF THE
POSSIBILITY OF SUCH DAMAGE.

-->

<LWM2M xmlns:xsi="http://www.w3.org/2001/XMLSchema-instance"
	xsi:noNamespaceSchemaLocation="http://openmobilealliance.org/tech/profiles/LWM2M.xsd">
	<Object ObjectType="MODefinition">
		<Name>Noise sensor</Name>
		<Description1>The uCIFI noise sensor reports a noise measurement in decibel. It also provides resources for minimum/maximum measured values and the minimum/maximum range that can be measured by the noise sensor and some specific alarms resulting from noise analysis by the device.</Description1>
		<ObjectID>3433</ObjectID>
		<ObjectURN>urn:oma:lwm2m:ext:3433</ObjectURN>
		<LWM2MVersion>1.0</LWM2MVersion>
		<ObjectVersion>1.0</ObjectVersion>
		<MultipleInstances>Multiple</MultipleInstances>
		<Mandatory>Optional</Mandatory>
		<Resources>
			<Item ID="1">
				<Name>Gunshot detected</Name>
				<Operations>R</Operations>
				<MultipleInstances>Single</MultipleInstances>
				<Mandatory>Optional</Mandatory>
				<Type>Boolean</Type>
				<RangeEnumeration></RangeEnumeration>
				<Units></Units>
				<Description>Set to True when a gunshot is detected.</Description>
			</Item>
			<Item ID="2">
				<Name>Abnormal noise detected</Name>
				<Operations>R</Operations>
				<MultipleInstances>Single</MultipleInstances>
				<Mandatory>Optional</Mandatory>
				<Type>Boolean</Type>
				<RangeEnumeration></RangeEnumeration>
				<Units></Units>
				<Description>Set to True when an abnormal noise is detected.</Description>
			</Item>
			<Item ID="3">
				<Name>Sensor Value</Name>
				<Operations>R</Operations>
				<MultipleInstances>Single</MultipleInstances>
				<Mandatory>Mandatory</Mandatory>
				<Type>Float</Type>
				<RangeEnumeration></RangeEnumeration>
				<Units></Units>
				<Description>Last or current measured value from the Sensor.</Description>
			</Item>
			<Item ID="4">
				<Name>Minimum measured value</Name>
				<Operations>R</Operations>
				<MultipleInstances>Single</MultipleInstances>
				<Mandatory>Optional</Mandatory>
				<Type>Float</Type>
				<RangeEnumeration></RangeEnumeration>
				<Units>dB</Units>
				<Description>Minimum value measured by the sensor since power ON or reset.</Description>
			</Item>
			<Item ID="5">
				<Name>Maximum measured value</Name>
				<Operations>R</Operations>
				<MultipleInstances>Single</MultipleInstances>
				<Mandatory>Optional</Mandatory>
				<Type>Float</Type>
				<RangeEnumeration></RangeEnumeration>
				<Units>dB</Units>
				<Description>Maximum value measured by the sensor since power ON or reset.</Description>
			</Item>
			<Item ID="6">
				<Name>Minimum range value</Name>
				<Operations>R</Operations>
				<MultipleInstances>Single</MultipleInstances>
				<Mandatory>Optional</Mandatory>
				<Type>Float</Type>
				<RangeEnumeration></RangeEnumeration>
				<Units>dB</Units>
				<Description>Minimum value that can be measured by the sensor.</Description>
			</Item>
			<Item ID="7">
				<Name>Maximum range value</Name>
				<Operations>R</Operations>
				<MultipleInstances>Single</MultipleInstances>
				<Mandatory>Optional</Mandatory>
				<Type>Float</Type>
				<RangeEnumeration></RangeEnumeration>
				<Units>dB</Units>
				<Description>Maximum value that can be measured by the sensor.</Description>
			</Item>
			<Item ID="8">
				<Name>Reset min and max values</Name>
				<Operations>E</Operations>
				<MultipleInstances>Single</MultipleInstances>
				<Mandatory>Optional</Mandatory>
				<Type></Type>
				<RangeEnumeration></RangeEnumeration>
				<Units></Units>
				<Description>Reset the min and max measured values to current value.</Description>
			</Item>
		</Resources>
		<Description2></Description2>
	</Object>
</LWM2M>
